Subzone,Planning Area,Population,Population_Males,Population_Females,Chinese_Total,Chinese_Males,Chinese_Females,Malays_Total,Malays_Males,Malays_Females,Indians_Total,Indians_Males,Indians_Females,Others_Total,Others_Males,Others_Females
ADMIRALTY,Sembawang,13920.0,6860.0,7060.0,9780.0,4830.0,4950.0,2250.0,1090.0,1160.0,1350.0,680.0,670.0,550.0,270.0,280.0
AIRPORT ROAD,Paya Lebar,,,,0.0,0.0,0.0,0.0,0.0,0.0,0.0,0.0,0.0,0.0,0.0,0.0
ALEXANDRA HILL,Bukit Merah,13490.0,6630.0,6860.0,9850.0,4770.0,5080.0,1950.0,1000.0,950.0,1410.0,740.0,670.0,280.0,120.0,160.0
ALEXANDRA NORTH,Bukit Merah,2630.0,1230.0,1400.0,2200.0,1010.0,1190.0,20.0,10.0,10.0,230.0,110.0,120.0,180.0,100.0,80.0
ALJUNIED,Geylang,39990.0,19740.0,20250.0,33870.0,16680.0,17190.0,2300.0,1140.0,1160.0,2330.0,1230.0,1100.0,1500.0,690.0,810.0
ANAK BUKIT,Bukit Timah,21870.0,10370.0,11500.0,19930.0,9400.0,10530.0,210.0,90.0,120.0,880.0,430.0,450.0,850.0,440.0,410.0
ANCHORVALE,Sengkang,48120.0,23700.0,24420.0,37360.0,18350.0,19010.0,5370.0,2650.0,2720.0,4190.0,2170.0,2030.0,1200.0,530.0,670.0
ANG MO KIO TOWN CENTRE,Ang Mo Kio,4810.0,2260.0,2550.0,4140.0,1950.0,2200.0,140.0,60.0,80.0,370.0,170.0,200.0,160.0,80.0,80.0
ANSON,Downtown Core,,,,0.0,0.0,0.0,0.0,0.0,0.0,0.0,0.0,0.0,0.0,0.0,0.0
BAHAR,Western Water Catchment,,,,0.0,0.0,0.0,0.0,0.0,0.0,0.0,0.0,0.0,0.0,0.0,0.0
BALESTIER,Novena,32430.0,15670.0,16760.0,26610.0,12820.0,13790.0,1600.0,780.0,820.0,3010.0,1540.0,1470.0,1210.0,520.0,690.0
BANGKIT,Bukit Panjang,22270.0,11010.0,11260.0,16630.0,8190.0,8440.0,3800.0,1900.0,1900.0,1420.0,740.0,680.0,410.0,170.0,240.0
BAYFRONT SUBZONE,Downtown Core,,,,0.0,0.0,0.0,0.0,0.0,0.0,0.0,0.0,0.0,0.0,0.0,0.0
BAYSHORE,Bedok,7450.0,3580.0,3870.0,5090.0,2370.0,2710.0,130.0,50.0,80.0,1590.0,790.0,800.0,650.0,370.0,290.0
BEDOK NORTH,Bedok,81840.0,39700.0,42140.0,57440.0,27640.0,29800.0,15580.0,7750.0,7820.0,6200.0,3180.0,3020.0,2620.0,1130.0,1500.0
BEDOK RESERVOIR,Bedok,25470.0,12480.0,12990.0,19150.0,9340.0,9810.0,3270.0,1610.0,1660.0,2220.0,1140.0,1080.0,830.0,390.0,440.0
BEDOK SOUTH,Bedok,46700.0,22540.0,24160.0,36480.0,17450.0,19030.0,4570.0,2250.0,2320.0,3410.0,1740.0,1660.0,2240.0,1100.0,1140.0
BENCOOLEN,Rochor,1310.0,620.0,690.0,970.0,450.0,520.0,40.0,20.0,20.0,250.0,120.0,130.0,50.0,20.0,30.0
BENDEMEER,Kallang,37570.0,18240.0,19330.0,31040.0,14910.0,16130.0,1380.0,690.0,700.0,4450.0,2340.0,2110.0,690.0,300.0,390.0
BENOI SECTOR,Pioneer,,,,0.0,0.0,0.0,0.0,0.0,0.0,0.0,0.0,0.0,0.0,0.0,0.0
BIDADARI,Toa Payoh,,,,0.0,0.0,0.0,0.0,0.0,0.0,0.0,0.0,0.0,0.0,0.0,0.0
BISHAN EAST,Bishan,28300.0,13420.0,14880.0,23910.0,11290.0,12620.0,1260.0,610.0,650.0,2360.0,1170.0,1190.0,780.0,360.0,420.0
BOAT QUAY,Singapore River,130.0,70.0,60.0,90.0,50.0,50.0,0.0,0.0,0.0,10.0,10.0,10.0,30.0,20.0,10.0
BOON KENG,Kallang,11790.0,5630.0,6160.0,9530.0,4540.0,4990.0,1090.0,540.0,550.0,890.0,430.0,460.0,280.0,120.0,160.0
BOON LAY PLACE,Jurong West,29330.0,15060.0,14270.0,19040.0,9760.0,9280.0,6840.0,3520.0,3320.0,2710.0,1470.0,1240.0,740.0,310.0,430.0
BOON TECK,Toa Payoh,14660.0,7210.0,7450.0,11280.0,5510.0,5770.0,2030.0,1020.0,1010.0,1020.0,540.0,480.0,340.0,150.0,200.0
BOULEVARD,Orchard,410.0,210.0,200.0,290.0,130.0,150.0,10.0,10.0,0.0,20.0,10.0,10.0,90.0,60.0,30.0
BRADDELL,Toa Payoh,9800.0,4590.0,5210.0,7650.0,3530.0,4120.0,1130.0,560.0,570.0,690.0,340.0,350.0,330.0,160.0,170.0
BRAS BASAH,Museum,,,,0.0,0.0,0.0,0.0,0.0,0.0,0.0,0.0,0.0,0.0,0.0,0.0
BRICKLAND,Tengah,,,,0.0,0.0,0.0,0.0,0.0,0.0,0.0,0.0,0.0,0.0,0.0,0.0
BRICKWORKS,Bukit Batok,19820.0,9800.0,10020.0,12620.0,6250.0,6360.0,5440.0,2730.0,2700.0,1380.0,690.0,690.0,380.0,120.0,260.0
BUGIS,Downtown Core,890.0,440.0,450.0,800.0,390.0,410.0,10.0,10.0,10.0,40.0,20.0,20.0,40.0,30.0,20.0
BUKIT BATOK CENTRAL,Bukit Batok,27290.0,13290.0,14000.0,20820.0,10100.0,10720.0,3520.0,1740.0,1780.0,2350.0,1180.0,1170.0,600.0,260.0,340.0
BUKIT BATOK EAST,Bukit Batok,12700.0,6290.0,6410.0,7850.0,3800.0,4050.0,2990.0,1510.0,1480.0,1590.0,860.0,730.0,270.0,110.0,150.0
BUKIT BATOK SOUTH,Bukit Batok,14930.0,7360.0,7570.0,11140.0,5450.0,5690.0,1780.0,880.0,910.0,1620.0,840.0,780.0,390.0,190.0,200.0
BUKIT BATOK WEST,Bukit Batok,15000.0,7300.0,7700.0,10450.0,5090.0,5360.0,2560.0,1240.0,1320.0,1680.0,850.0,830.0,310.0,120.0,190.0
BUKIT HO SWEE,Bukit Merah,14390.0,7050.0,7340.0,11570.0,5570.0,6000.0,1290.0,690.0,600.0,1160.0,620.0,540.0,380.0,180.0,200.0
BUKIT MERAH,Bukit Merah,1120.0,550.0,570.0,920.0,450.0,470.0,10.0,0.0,10.0,140.0,70.0,70.0,40.0,20.0,20.0
CAIRNHILL,Newton,3890.0,1830.0,2060.0,2910.0,1360.0,1550.0,30.0,10.0,20.0,360.0,160.0,200.0,580.0,300.0,290.0
CECIL,Downtown Core,260.0,130.0,130.0,190.0,90.0,100.0,0.0,0.0,0.0,10.0,10.0,10.0,50.0,30.0,20.0
CENTRAL SUBZONE,Downtown Core,880.0,410.0,470.0,650.0,300.0,350.0,10.0,0.0,0.0,60.0,30.0,30.0,160.0,80.0,90.0
CENTRAL WATER CATCHMENT,Central Water Catchment,,,,0.0,0.0,0.0,0.0,0.0,0.0,0.0,0.0,0.0,0.0,0.0,0.0
CHANGI AIRPORT,Changi,,,,0.0,0.0,0.0,0.0,0.0,0.0,0.0,0.0,0.0,0.0,0.0,0.0
CHANGI BAY,Changi Bay,,,,0.0,0.0,0.0,0.0,0.0,0.0,0.0,0.0,0.0,0.0,0.0,0.0
CHANGI POINT,Changi,540.0,300.0,240.0,250.0,140.0,110.0,180.0,90.0,90.0,60.0,40.0,20.0,50.0,30.0,20.0
CHANGI WEST,Changi,1310.0,660.0,650.0,560.0,270.0,290.0,440.0,230.0,210.0,260.0,140.0,120.0,40.0,10.0,20.0
CHATSWORTH,Tanglin,6880.0,3190.0,3690.0,4770.0,2160.0,2610.0,70.0,30.0,40.0,1020.0,500.0,520.0,1030.0,510.0,520.0
CHENG SAN,Ang Mo Kio,28080.0,13480.0,14600.0,23240.0,11120.0,12120.0,1940.0,960.0,980.0,2280.0,1150.0,1130.0,610.0,250.0,370.0
CHIN BEE,Jurong West,,,,0.0,0.0,0.0,0.0,0.0,0.0,0.0,0.0,0.0,0.0,0.0,0.0
CHINA SQUARE,Outram,1430.0,670.0,760.0,1390.0,650.0,740.0,0.0,0.0,0.0,20.0,10.0,10.0,20.0,10.0,10.0
CHINATOWN,Outram,10490.0,5040.0,5450.0,8780.0,4130.0,4650.0,570.0,310.0,260.0,790.0,410.0,380.0,350.0,190.0,170.0
CHOA CHU KANG CENTRAL,Choa Chu Kang,22520.0,11180.0,11340.0,17320.0,8570.0,8750.0,2870.0,1410.0,1460.0,1760.0,920.0,830.0,580.0,280.0,300.0
CHOA CHU KANG NORTH,Choa Chu Kang,31930.0,15860.0,16070.0,22490.0,11190.0,11300.0,5360.0,2650.0,2710.0,3160.0,1590.0,1580.0,910.0,440.0,480.0
CHONG BOON,Ang Mo Kio,26500.0,12860.0,13640.0,21860.0,10590.0,11270.0,1830.0,920.0,900.0,2240.0,1130.0,1110.0,580.0,220.0,360.0
CITY HALL,Downtown Core,,,,0.0,0.0,0.0,0.0,0.0,0.0,0.0,0.0,0.0,0.0,0.0,0.0
CITY TERMINALS,Bukit Merah,,,,0.0,0.0,0.0,0.0,0.0,0.0,0.0,0.0,0.0,0.0,0.0,0.0
CLARKE QUAY,Singapore River,120.0,70.0,50.0,80.0,40.0,40.0,0.0,0.0,0.0,10.0,10.0,0.0,40.0,20.0,10.0
CLEANTECH,Western Water Catchment,,,,0.0,0.0,0.0,0.0,0.0,0.0,0.0,0.0,0.0,0.0,0.0,0.0
CLEMENTI CENTRAL,Clementi,14000.0,6600.0,7400.0,11190.0,5250.0,5950.0,1420.0,690.0,730.0,940.0,470.0,480.0,440.0,200.0,250.0
CLEMENTI NORTH,Clementi,28810.0,13400.0,15410.0,23270.0,10740.0,12530.0,2760.0,1350.0,1420.0,1980.0,970.0,1020.0,790.0,340.0,450.0
CLEMENTI WEST,Clementi,15260.0,7310.0,7950.0,10940.0,5170.0,5770.0,2190.0,1100.0,1090.0,1700.0,850.0,850.0,440.0,200.0,240.0
CLEMENTI WOODS,Clementi,16000.0,7660.0,8340.0,12430.0,5880.0,6560.0,1630.0,820.0,810.0,1380.0,680.0,690.0,560.0,280.0,290.0
CLIFFORD PIER,Downtown Core,,,,0.0,0.0,0.0,0.0,0.0,0.0,0.0,0.0,0.0,0.0,0.0,0.0
COMMONWEALTH,Queenstown,7000.0,3230.0,3770.0,5250.0,2400.0,2850.0,1000.0,490.0,510.0,460.0,240.0,230.0,290.0,110.0,180.0
COMPASSVALE,Sengkang,20960.0,10170.0,10790.0,17830.0,8630.0,9200.0,1440.0,690.0,750.0,1290.0,670.0,620.0,400.0,180.0,220.0
CONEY ISLAND,Punggol,,,,0.0,0.0,0.0,0.0,0.0,0.0,0.0,0.0,0.0,0.0,0.0,0.0
CORONATION ROAD,Bukit Timah,6700.0,3050.0,3650.0,5880.0,2690.0,3190.0,30.0,10.0,20.0,280.0,130.0,150.0,510.0,220.0,290.0
CRAWFORD,Kallang,8380.0,4630.0,3750.0,5670.0,3120.0,2550.0,1600.0,890.0,710.0,900.0,550.0,350.0,220.0,80.0,140.0
DAIRY FARM,Bukit Panjang,6940.0,3350.0,3590.0,5990.0,2890.0,3100.0,110.0,50.0,60.0,430.0,200.0,230.0,400.0,200.0,200.0
DEFU INDUSTRIAL PARK,Hougang,,,,0.0,0.0,0.0,0.0,0.0,0.0,0.0,0.0,0.0,0.0,0.0,0.0
DEPOT ROAD,Bukit Merah,6540.0,3090.0,3450.0,5290.0,2480.0,2820.0,170.0,80.0,90.0,780.0,390.0,390.0,300.0,140.0,160.0
DHOBY GHAUT,Museum,320.0,160.0,160.0,260.0,130.0,130.0,0.0,0.0,0.0,20.0,10.0,0.0,40.0,20.0,20.0
DOVER,Queenstown,11080.0,5260.0,5820.0,9260.0,4340.0,4920.0,470.0,240.0,240.0,940.0,480.0,450.0,410.0,200.0,210.0
DUNEARN,Novena,3950.0,1800.0,2150.0,3230.0,1440.0,1790.0,20.0,10.0,20.0,320.0,160.0,160.0,390.0,200.0,190.0
EAST COAST,Marine Parade,,,,0.0,0.0,0.0,0.0,0.0,0.0,0.0,0.0,0.0,0.0,0.0,0.0
EVERTON PARK,Bukit Merah,7800.0,3680.0,4120.0,6240.0,2910.0,3330.0,420.0,220.0,190.0,810.0,390.0,420.0,340.0,160.0,180.0
FABER,Clementi,5360.0,2620.0,2740.0,4840.0,2370.0,2470.0,30.0,20.0,20.0,270.0,140.0,130.0,230.0,110.0,130.0
FAJAR,Bukit Panjang,27820.0,13870.0,13950.0,18950.0,9380.0,9570.0,5950.0,3070.0,2880.0,2270.0,1150.0,1120.0,650.0,270.0,370.0
FARRER COURT,Bukit Timah,6180.0,2900.0,3280.0,5430.0,2540.0,2890.0,90.0,40.0,50.0,270.0,130.0,140.0,390.0,190.0,200.0
FARRER PARK,Rochor,2660.0,1350.0,1310.0,1860.0,920.0,940.0,70.0,30.0,40.0,680.0,390.0,290.0,60.0,20.0,40.0
FERNVALE,Sengkang,58810.0,28860.0,29950.0,45220.0,22190.0,23030.0,8140.0,4070.0,4080.0,3970.0,2030.0,1940.0,1470.0,570.0,900.0
FLORA DRIVE,Pasir Ris,14670.0,7200.0,7470.0,11330.0,5490.0,5840.0,1350.0,650.0,700.0,1400.0,730.0,670.0,590.0,330.0,260.0
FOREST HILL,Tengah,,,,0.0,0.0,0.0,0.0,0.0,0.0,0.0,0.0,0.0,0.0,0.0,0.0
FORT CANNING,Museum,180.0,90.0,90.0,90.0,40.0,60.0,0.0,0.0,0.0,20.0,10.0,10.0,70.0,40.0,30.0
FRANKEL,Bedok,34490.0,16260.0,18230.0,28300.0,13180.0,15120.0,1040.0,460.0,590.0,2730.0,1390.0,1340.0,2420.0,1240.0,1180.0
GALI BATU,Sungei Kadut,,,,0.0,0.0,0.0,0.0,0.0,0.0,0.0,0.0,0.0,0.0,0.0,0.0
GARDEN,Tengah,,,,0.0,0.0,0.0,0.0,0.0,0.0,0.0,0.0,0.0,0.0,0.0,0.0
GEYLANG BAHRU,Kallang,11280.0,5620.0,5660.0,8480.0,4180.0,4300.0,1310.0,670.0,640.0,1310.0,710.0,600.0,180.0,60.0,120.0
GEYLANG EAST,Geylang,29920.0,14540.0,15380.0,22210.0,10720.0,11490.0,4100.0,2000.0,2100.0,2520.0,1290.0,1230.0,1100.0,530.0,570.0
GHIM MOH,Queenstown,13850.0,6470.0,7380.0,11170.0,5170.0,6010.0,1460.0,710.0,750.0,840.0,420.0,430.0,370.0,180.0,190.0
GOMBAK,Bukit Batok,9930.0,4840.0,5090.0,8430.0,4120.0,4310.0,560.0,260.0,300.0,670.0,340.0,330.0,260.0,130.0,140.0
GOODWOOD PARK,Newton,1260.0,600.0,660.0,1020.0,480.0,540.0,0.0,0.0,0.0,70.0,40.0,30.0,160.0,80.0,80.0
GREENWOOD PARK,Woodlands,,,,0.0,0.0,0.0,0.0,0.0,0.0,0.0,0.0,0.0,0.0,0.0,0.0
GUILIN,Bukit Batok,12940.0,6290.0,6650.0,8910.0,4290.0,4620.0,1960.0,960.0,1000.0,1600.0,810.0,780.0,470.0,220.0,240.0
GUL BASIN,Pioneer,,,,0.0,0.0,0.0,0.0,0.0,0.0,0.0,0.0,0.0,0.0,0.0,0.0
GUL CIRCLE,Pioneer,,,,0.0,0.0,0.0,0.0,0.0,0.0,0.0,0.0,0.0,0.0,0.0,0.0
HENDERSON HILL,Bukit Merah,13320.0,6490.0,6830.0,10240.0,4990.0,5250.0,1480.0,730.0,750.0,1240.0,620.0,610.0,370.0,150.0,220.0
HILLCREST,Bukit Timah,9470.0,4170.0,5300.0,7890.0,3460.0,4430.0,60.0,10.0,50.0,580.0,260.0,320.0,950.0,440.0,510.0
HILLVIEW,Bukit Batok,19290.0,9290.0,10000.0,16680.0,7960.0,8720.0,340.0,160.0,180.0,1210.0,600.0,610.0,1070.0,580.0,500.0
HOLLAND DRIVE,Queenstown,12680.0,5760.0,6920.0,10630.0,4770.0,5870.0,960.0,440.0,520.0,620.0,320.0,300.0,460.0,230.0,230.0
HOLLAND ROAD,Bukit Timah,10840.0,4800.0,6040.0,9350.0,4100.0,5250.0,60.0,20.0,40.0,510.0,240.0,270.0,920.0,440.0,490.0
HONG KAH,Jurong West,53880.0,26650.0,27230.0,36750.0,18080.0,18670.0,10240.0,5090.0,5160.0,5690.0,2970.0,2720.0,1200.0,510.0,690.0
HONG KAH NORTH,Bukit Batok,26150.0,13030.0,13120.0,16580.0,8260.0,8320.0,6100.0,3040.0,3060.0,2840.0,1470.0,1380.0,640.0,270.0,370.0
HOUGANG CENTRAL,Hougang,4720.0,2350.0,2370.0,4130.0,2070.0,2060.0,200.0,100.0,100.0,340.0,160.0,180.0,60.0,30.0,30.0
HOUGANG EAST,Hougang,24920.0,12110.0,12810.0,20400.0,9940.0,10460.0,2010.0,970.0,1040.0,2020.0,1010.0,1010.0,490.0,190.0,300.0
HOUGANG WEST,Hougang,45460.0,22410.0,23050.0,36270.0,17850.0,18420.0,4390.0,2200.0,2190.0,3930.0,2010.0,1920.0,870.0,350.0,520.0
INSTITUTION HILL,River Valley,3150.0,1500.0,1650.0,2210.0,1040.0,1170.0,20.0,10.0,20.0,490.0,240.0,250.0,430.0,210.0,210.0
INTERNATIONAL BUSINESS PARK,Jurong East,,,,0.0,0.0,0.0,0.0,0.0,0.0,0.0,0.0,0.0,0.0,0.0,0.0
ISTANA NEGARA,Newton,,,,0.0,0.0,0.0,0.0,0.0,0.0,0.0,0.0,0.0,0.0,0.0,0.0
JELEBU,Bukit Panjang,31310.0,15370.0,15940.0,24700.0,12100.0,12610.0,3770.0,1880.0,1880.0,2100.0,1060.0,1050.0,740.0,340.0,400.0
JOO KOON,Pioneer,,,,0.0,0.0,0.0,0.0,0.0,0.0,0.0,0.0,0.0,0.0,0.0,0.0
JOO SENG,Toa Payoh,8150.0,4030.0,4120.0,7110.0,3510.0,3610.0,250.0,130.0,120.0,590.0,300.0,290.0,210.0,100.0,110.0
JURONG GATEWAY,Jurong East,450.0,210.0,240.0,410.0,190.0,220.0,0.0,0.0,0.0,30.0,10.0,10.0,10.0,10.0,10.0
JURONG ISLAND AND BUKOM,Western Islands,,,,0.0,0.0,0.0,0.0,0.0,0.0,0.0,0.0,0.0,0.0,0.0,0.0
JURONG PORT,Jurong East,,,,0.0,0.0,0.0,0.0,0.0,0.0,0.0,0.0,0.0,0.0,0.0,0.0
JURONG RIVER,Jurong East,,,,0.0,0.0,0.0,0.0,0.0,0.0,0.0,0.0,0.0,0.0,0.0,0.0
JURONG WEST CENTRAL,Jurong West,63760.0,31810.0,31950.0,49000.0,24360.0,24640.0,7450.0,3750.0,3700.0,5290.0,2770.0,2520.0,2030.0,940.0,1090.0
KAKI BUKIT,Bedok,37150.0,18210.0,18940.0,24060.0,11710.0,12350.0,8710.0,4310.0,4410.0,3380.0,1750.0,1630.0,990.0,440.0,550.0
KALLANG BAHRU,Kallang,,,,0.0,0.0,0.0,0.0,0.0,0.0,0.0,0.0,0.0,0.0,0.0,0.0
KALLANG WAY,Geylang,,,,0.0,0.0,0.0,0.0,0.0,0.0,0.0,0.0,0.0,0.0,0.0,0.0
KAMPONG BUGIS,Kallang,920.0,460.0,460.0,760.0,380.0,380.0,40.0,20.0,30.0,100.0,60.0,40.0,20.0,10.0,10.0
KAMPONG GLAM,Rochor,120.0,80.0,40.0,40.0,20.0,20.0,10.0,10.0,10.0,60.0,40.0,20.0,10.0,10.0,0.0
KAMPONG JAVA,Kallang,10530.0,5140.0,5390.0,8220.0,3980.0,4230.0,330.0,150.0,180.0,1580.0,830.0,750.0,400.0,170.0,230.0
KAMPONG TIONG BAHRU,Bukit Merah,9000.0,4440.0,4560.0,6900.0,3390.0,3510.0,960.0,520.0,440.0,930.0,470.0,470.0,220.0,80.0,140.0
KAMPONG UBI,Geylang,11800.0,5890.0,5910.0,8110.0,4030.0,4080.0,2340.0,1180.0,1150.0,1030.0,540.0,480.0,330.0,130.0,190.0
KANGKAR,Hougang,32280.0,15740.0,16540.0,26340.0,12870.0,13470.0,2470.0,1190.0,1280.0,2730.0,1380.0,1350.0,750.0,310.0,440.0
KATONG,Marine Parade,9350.0,4440.0,4910.0,8050.0,3760.0,4290.0,110.0,60.0,60.0,650.0,340.0,310.0,550.0,290.0,250.0
KEAT HONG,Choa Chu Kang,38180.0,19010.0,19170.0,25720.0,12780.0,12930.0,8370.0,4240.0,4130.0,3320.0,1690.0,1620.0,780.0,290.0,490.0
KEBUN BAHRU,Ang Mo Kio,22630.0,10660.0,11970.0,18710.0,8780.0,9930.0,1820.0,890.0,930.0,1590.0,780.0,800.0,510.0,210.0,300.0
KEMBANGAN,Bedok,37470.0,18460.0,19010.0,26700.0,13140.0,13560.0,5870.0,2870.0,3010.0,3550.0,1820.0,1730.0,1340.0,630.0,710.0
KENT RIDGE,Queenstown,,,,0.0,0.0,0.0,0.0,0.0,0.0,0.0,0.0,0.0,0.0,0.0,0.0
KHATIB,Yishun,10250.0,4980.0,5270.0,7540.0,3660.0,3880.0,1430.0,700.0,730.0,980.0,490.0,490.0,300.0,130.0,170.0
KIAN TECK,Jurong West,,,,0.0,0.0,0.0,0.0,0.0,0.0,0.0,0.0,0.0,0.0,0.0,0.0
KIM KEAT,Toa Payoh,7970.0,3840.0,4130.0,6470.0,3120.0,3350.0,540.0,260.0,280.0,780.0,380.0,400.0,180.0,80.0,110.0
KOVAN,Hougang,24800.0,11960.0,12840.0,22240.0,10710.0,11520.0,550.0,260.0,290.0,1350.0,670.0,690.0,670.0,330.0,340.0
KRANJI,Sungei Kadut,,,,0.0,0.0,0.0,0.0,0.0,0.0,0.0,0.0,0.0,0.0,0.0,0.0
LAKESIDE (BUSINESS),Jurong East,,,,0.0,0.0,0.0,0.0,0.0,0.0,0.0,0.0,0.0,0.0,0.0,0.0
LAKESIDE (LEISURE),Jurong East,1070.0,570.0,500.0,910.0,480.0,430.0,40.0,20.0,20.0,80.0,50.0,40.0,40.0,20.0,20.0
LAVENDER,Kallang,9680.0,5070.0,4610.0,6740.0,3460.0,3290.0,840.0,450.0,390.0,1760.0,990.0,770.0,340.0,180.0,160.0
LEEDON PARK,Bukit Timah,6440.0,2960.0,3480.0,5120.0,2310.0,2810.0,70.0,20.0,40.0,410.0,200.0,220.0,850.0,430.0,420.0
LEONIE HILL,River Valley,3120.0,1430.0,1690.0,2030.0,920.0,1110.0,30.0,10.0,20.0,600.0,280.0,330.0,460.0,230.0,240.0
LIM CHU KANG,Lim Chu Kang,110.0,60.0,50.0,100.0,50.0,50.0,0.0,0.0,0.0,0.0,0.0,0.0,0.0,0.0,0.0
LITTLE INDIA,Rochor,3260.0,1680.0,1580.0,2410.0,1180.0,1230.0,40.0,20.0,20.0,780.0,460.0,320.0,40.0,20.0,20.0
LIU FANG,Boon Lay,,,,0.0,0.0,0.0,0.0,0.0,0.0,0.0,0.0,0.0,0.0,0.0,0.0
LORONG 8 TOA PAYOH,Toa Payoh,7150.0,3420.0,3730.0,5880.0,2820.0,3060.0,610.0,290.0,320.0,480.0,240.0,240.0,190.0,70.0,120.0
LORONG AH SOO,Hougang,32320.0,15270.0,17050.0,27060.0,12700.0,14350.0,2290.0,1140.0,1150.0,2360.0,1170.0,1190.0,620.0,260.0,360.0
LORONG CHUAN,Serangoon,8490.0,4090.0,4400.0,7640.0,3690.0,3950.0,50.0,20.0,30.0,470.0,230.0,240.0,320.0,150.0,180.0
LORONG HALUS,Hougang,,,,0.0,0.0,0.0,0.0,0.0,0.0,0.0,0.0,0.0,0.0,0.0,0.0
LORONG HALUS NORTH,Sengkang,,,,0.0,0.0,0.0,0.0,0.0,0.0,0.0,0.0,0.0,0.0,0.0,0.0
LOWER SELETAR,Yishun,18660.0,9240.0,9420.0,12890.0,6370.0,6520.0,3780.0,1910.0,1870.0,1510.0,770.0,740.0,480.0,190.0,290.0
LOYANG EAST,Pasir Ris,2140.0,1060.0,1080.0,1590.0,800.0,790.0,100.0,50.0,50.0,280.0,140.0,140.0,180.0,80.0,100.0
LOYANG WEST,Pasir Ris,220.0,100.0,120.0,190.0,80.0,100.0,10.0,10.0,10.0,10.0,0.0,0.0,10.0,0.0,0.0
MACKENZIE,Rochor,110.0,60.0,50.0,80.0,40.0,40.0,0.0,0.0,0.0,10.0,10.0,10.0,10.0,10.0,0.0
MACPHERSON,Geylang,28370.0,14070.0,14300.0,21240.0,10490.0,10750.0,3740.0,1880.0,1870.0,2750.0,1460.0,1290.0,630.0,240.0,390.0
MALCOLM,Novena,2950.0,1380.0,1570.0,2430.0,1130.0,1300.0,30.0,10.0,20.0,180.0,90.0,90.0,320.0,150.0,170.0
MANDAI EAST,Mandai,,,,0.0,0.0,0.0,0.0,0.0,0.0,0.0,0.0,0.0,0.0,0.0,0.0
MANDAI ESTATE,Mandai,2090.0,990.0,1100.0,1650.0,780.0,870.0,110.0,50.0,70.0,270.0,140.0,130.0,60.0,20.0,30.0
MANDAI WEST,Mandai,,,,0.0,0.0,0.0,0.0,0.0,0.0,0.0,0.0,0.0,0.0,0.0,0.0
MARGARET DRIVE,Queenstown,16090.0,7710.0,8380.0,13770.0,6540.0,7230.0,660.0,350.0,310.0,1110.0,570.0,540.0,550.0,260.0,300.0
MARINA CENTRE,Downtown Core,,,,0.0,0.0,0.0,0.0,0.0,0.0,0.0,0.0,0.0,0.0,0.0,0.0
MARINA EAST,Marina East,,,,0.0,0.0,0.0,0.0,0.0,0.0,0.0,0.0,0.0,0.0,0.0,0.0
MARINA EAST (MP),Marine Parade,,,,0.0,0.0,0.0,0.0,0.0,0.0,0.0,0.0,0.0,0.0,0.0,0.0
MARINA SOUTH,Marina South,,,,0.0,0.0,0.0,0.0,0.0,0.0,0.0,0.0,0.0,0.0,0.0,0.0
MARINE PARADE,Marine Parade,26880.0,12530.0,14350.0,19860.0,9080.0,10780.0,2940.0,1440.0,1490.0,2650.0,1320.0,1330.0,1430.0,690.0,750.0
MARITIME SQUARE,Bukit Merah,3620.0,1770.0,1850.0,2570.0,1230.0,1340.0,70.0,40.0,30.0,370.0,190.0,180.0,610.0,320.0,300.0
MARYMOUNT,Bishan,29620.0,14680.0,14940.0,25630.0,12700.0,12930.0,1020.0,500.0,530.0,2120.0,1070.0,1050.0,850.0,410.0,440.0
MATILDA,Punggol,52200.0,25610.0,26590.0,39660.0,19600.0,20060.0,7970.0,3860.0,4120.0,3360.0,1700.0,1660.0,1210.0,460.0,750.0
MAXWELL,Downtown Core,,,,0.0,0.0,0.0,0.0,0.0,0.0,0.0,0.0,0.0,0.0,0.0,0.0
MEI CHIN,Queenstown,15560.0,7350.0,8210.0,12180.0,5690.0,6490.0,1340.0,670.0,670.0,1640.0,810.0,830.0,410.0,190.0,230.0
MIDVIEW,Woodlands,35270.0,17660.0,17610.0,20870.0,10400.0,10470.0,9910.0,4940.0,4970.0,3760.0,1990.0,1780.0,740.0,330.0,400.0
MONK'S HILL,Newton,1030.0,520.0,510.0,770.0,390.0,380.0,10.0,0.0,10.0,120.0,60.0,60.0,140.0,70.0,70.0
MOULMEIN,Novena,9300.0,4720.0,4580.0,7940.0,4000.0,3940.0,70.0,30.0,40.0,600.0,320.0,270.0,700.0,370.0,330.0
MOUNT EMILY,Rochor,1630.0,770.0,860.0,1290.0,590.0,710.0,40.0,20.0,20.0,100.0,50.0,40.0,200.0,110.0,90.0
MOUNT PLEASANT,Novena,690.0,350.0,340.0,520.0,270.0,250.0,10.0,0.0,0.0,40.0,20.0,20.0,120.0,60.0,60.0
MOUNTBATTEN,Marine Parade,9980.0,4720.0,5260.0,7140.0,3360.0,3780.0,70.0,40.0,40.0,2220.0,1050.0,1170.0,550.0,280.0,270.0
MURAI,Western Water Catchment,640.0,290.0,350.0,510.0,220.0,290.0,0.0,0.0,0.0,70.0,40.0,30.0,60.0,30.0,30.0
NASSIM,Tanglin,9520.0,4410.0,5110.0,7460.0,3360.0,4100.0,110.0,50.0,60.0,710.0,370.0,350.0,1240.0,640.0,600.0
NATIONAL UNIVERSITY OF S'PORE,Queenstown,240.0,70.0,170.0,220.0,60.0,160.0,0.0,0.0,0.0,10.0,0.0,0.0,20.0,10.0,10.0
NATURE RESERVE,Bukit Panjang,3850.0,1810.0,2040.0,3170.0,1470.0,1710.0,80.0,30.0,50.0,300.0,150.0,150.0,300.0,160.0,140.0
NEE SOON,Yishun,890.0,440.0,450.0,780.0,380.0,400.0,20.0,10.0,10.0,60.0,30.0,30.0,30.0,20.0,10.0
NEWTON CIRCUS,Newton,250.0,140.0,110.0,180.0,100.0,80.0,0.0,0.0,0.0,20.0,10.0,10.0,50.0,30.0,20.0
NICOLL,Downtown Core,290.0,150.0,140.0,210.0,110.0,100.0,0.0,0.0,0.0,20.0,10.0,10.0,60.0,30.0,30.0
NORTH COAST,Woodlands,12100.0,6130.0,5970.0,6840.0,3490.0,3350.0,3450.0,1720.0,1730.0,1600.0,820.0,770.0,220.0,100.0,120.0
NORTH-EASTERN ISLANDS,North-Eastern Islands,,,,0.0,0.0,0.0,0.0,0.0,0.0,0.0,0.0,0.0,0.0,0.0,0.0
NORTHLAND,Yishun,28000.0,13930.0,14070.0,17750.0,8820.0,8940.0,6290.0,3130.0,3160.0,3000.0,1530.0,1470.0,970.0,460.0,510.0
NORTHSHORE,Punggol,450.0,230.0,220.0,370.0,190.0,180.0,30.0,20.0,20.0,30.0,20.0,10.0,20.0,10.0,10.0
ONE NORTH,Queenstown,720.0,350.0,370.0,460.0,220.0,250.0,0.0,0.0,0.0,50.0,30.0,20.0,200.0,100.0,100.0
ONE TREE HILL,River Valley,2060.0,910.0,1150.0,1450.0,630.0,830.0,10.0,0.0,10.0,290.0,130.0,160.0,310.0,150.0,160.0
ORANGE GROVE,Newton,1790.0,840.0,950.0,1200.0,540.0,660.0,20.0,10.0,10.0,170.0,80.0,90.0,410.0,210.0,190.0
OXLEY,River Valley,1490.0,670.0,820.0,1160.0,500.0,660.0,20.0,10.0,10.0,80.0,40.0,40.0,220.0,110.0,110.0
PANDAN,Clementi,,,,0.0,0.0,0.0,0.0,0.0,0.0,0.0,0.0,0.0,0.0,0.0,0.0
PANG SUA,Sungei Kadut,,,,0.0,0.0,0.0,0.0,0.0,0.0,0.0,0.0,0.0,0.0,0.0,0.0
PARK,Tengah,,,,0.0,0.0,0.0,0.0,0.0,0.0,0.0,0.0,0.0,0.0,0.0,0.0
PASIR PANJANG 1,Queenstown,4500.0,2200.0,2300.0,3890.0,1880.0,2010.0,40.0,20.0,20.0,270.0,150.0,130.0,300.0,160.0,140.0
PASIR PANJANG 2,Queenstown,3060.0,1490.0,1570.0,2520.0,1200.0,1310.0,60.0,40.0,30.0,220.0,120.0,100.0,260.0,140.0,130.0
PASIR RIS CENTRAL,Pasir Ris,32240.0,15750.0,16490.0,23710.0,11510.0,12190.0,4700.0,2290.0,2420.0,2630.0,1380.0,1250.0,1200.0,570.0,630.0
PASIR RIS DRIVE,Pasir Ris,54420.0,26940.0,27480.0,32300.0,15900.0,16400.0,15080.0,7520.0,7560.0,4840.0,2470.0,2370.0,2200.0,1040.0,1160.0
PASIR RIS PARK,Pasir Ris,7620.0,3760.0,3860.0,5960.0,2900.0,3060.0,790.0,400.0,390.0,560.0,290.0,270.0,320.0,180.0,150.0
PASIR RIS WAFER FAB PARK,Pasir Ris,,,,0.0,0.0,0.0,0.0,0.0,0.0,0.0,0.0,0.0,0.0,0.0,0.0
PASIR RIS WEST,Pasir Ris,35790.0,17720.0,18070.0,23710.0,11700.0,12010.0,7330.0,3660.0,3670.0,3410.0,1740.0,1680.0,1340.0,630.0,710.0
PATERSON,River Valley,240.0,110.0,130.0,170.0,70.0,100.0,10.0,0.0,0.0,30.0,20.0,10.0,40.0,20.0,20.0
PAYA LEBAR EAST,Paya Lebar,,,,0.0,0.0,0.0,0.0,0.0,0.0,0.0,0.0,0.0,0.0,0.0,0.0
PAYA LEBAR NORTH,Paya Lebar,,,,0.0,0.0,0.0,0.0,0.0,0.0,0.0,0.0,0.0,0.0,0.0,0.0
PAYA LEBAR WEST,Paya Lebar,,,,0.0,0.0,0.0,0.0,0.0,0.0,0.0,0.0,0.0,0.0,0.0,0.0
PEARL'S HILL,Outram,6120.0,3370.0,2750.0,4460.0,2450.0,2010.0,1070.0,570.0,500.0,480.0,300.0,180.0,100.0,40.0,60.0
PEI CHUN,Toa Payoh,10360.0,4940.0,5420.0,8620.0,4120.0,4500.0,820.0,380.0,450.0,610.0,320.0,290.0,310.0,120.0,180.0
PENG SIANG,Choa Chu Kang,34730.0,17340.0,17390.0,23160.0,11540.0,11610.0,6990.0,3510.0,3480.0,3730.0,1900.0,1830.0,860.0,390.0,460.0
PENJURU CRESCENT,Jurong East,,,,0.0,0.0,0.0,0.0,0.0,0.0,0.0,0.0,0.0,0.0,0.0,0.0
PEOPLE'S PARK,Outram,300.0,140.0,160.0,290.0,130.0,160.0,0.0,0.0,0.0,0.0,0.0,0.0,0.0,0.0,0.0
PHILLIP,Downtown Core,,,,0.0,0.0,0.0,0.0,0.0,0.0,0.0,0.0,0.0,0.0,0.0,0.0
PIONEER SECTOR,Pioneer,,,,0.0,0.0,0.0,0.0,0.0,0.0,0.0,0.0,0.0,0.0,0.0,0.0
PLAB,Paya Lebar,,,,0.0,0.0,0.0,0.0,0.0,0.0,0.0,0.0,0.0,0.0,0.0,0.0
PLANTATION,Tengah,,,,0.0,0.0,0.0,0.0,0.0,0.0,0.0,0.0,0.0,0.0,0.0,0.0
PORT,Queenstown,120.0,60.0,60.0,110.0,60.0,60.0,0.0,0.0,0.0,10.0,0.0,10.0,0.0,0.0,0.0
POTONG PASIR,Toa Payoh,11720.0,5660.0,6060.0,9750.0,4650.0,5100.0,520.0,270.0,260.0,1250.0,650.0,600.0,200.0,90.0,110.0
PULAU PUNGGOL BARAT,Seletar,,,,0.0,0.0,0.0,0.0,0.0,0.0,0.0,0.0,0.0,0.0,0.0,0.0
PULAU PUNGGOL TIMOR,Seletar,,,,0.0,0.0,0.0,0.0,0.0,0.0,0.0,0.0,0.0,0.0,0.0,0.0
PULAU SELETAR,Simpang,,,,0.0,0.0,0.0,0.0,0.0,0.0,0.0,0.0,0.0,0.0,0.0,0.0
PUNGGOL CANAL,Punggol,,,,0.0,0.0,0.0,0.0,0.0,0.0,0.0,0.0,0.0,0.0,0.0,0.0
PUNGGOL FIELD,Punggol,48960.0,24120.0,24840.0,37330.0,18370.0,18960.0,6010.0,2950.0,3060.0,4270.0,2210.0,2060.0,1350.0,590.0,760.0
PUNGGOL TOWN CENTRE,Punggol,22260.0,10920.0,11340.0,17040.0,8380.0,8660.0,3510.0,1750.0,1760.0,1140.0,570.0,570.0,580.0,220.0,350.0
QUEENSWAY,Queenstown,270.0,130.0,140.0,200.0,90.0,110.0,10.0,0.0,10.0,20.0,20.0,10.0,30.0,20.0,10.0
RAFFLES PLACE,Downtown Core,,,,0.0,0.0,0.0,0.0,0.0,0.0,0.0,0.0,0.0,0.0,0.0,0.0
REDHILL,Bukit Merah,10620.0,5150.0,5470.0,8530.0,4090.0,4450.0,860.0,430.0,430.0,900.0,490.0,420.0,330.0,150.0,180.0
RESERVOIR VIEW,Sungei Kadut,,,,0.0,0.0,0.0,0.0,0.0,0.0,0.0,0.0,0.0,0.0,0.0,0.0
RIDOUT,Tanglin,1520.0,690.0,830.0,1090.0,500.0,600.0,10.0,0.0,0.0,160.0,70.0,80.0,270.0,120.0,150.0
RIVERVALE,Sengkang,59690.0,29460.0,30230.0,44390.0,21990.0,22410.0,7200.0,3560.0,3650.0,6490.0,3220.0,3270.0,1610.0,700.0,910.0
ROBERTSON QUAY,Singapore River,3000.0,1390.0,1610.0,2130.0,950.0,1190.0,20.0,10.0,10.0,280.0,140.0,140.0,570.0,300.0,280.0
ROCHOR CANAL,Rochor,,,,0.0,0.0,0.0,0.0,0.0,0.0,0.0,0.0,0.0,0.0,0.0,0.0
SAFTI,Jurong West,,,,0.0,0.0,0.0,0.0,0.0,0.0,0.0,0.0,0.0,0.0,0.0,0.0
SAMULUN,Boon Lay,,,,0.0,0.0,0.0,0.0,0.0,0.0,0.0,0.0,0.0,0.0,0.0,0.0
SAUJANA,Bukit Panjang,25920.0,12830.0,13090.0,18540.0,9140.0,9400.0,4630.0,2350.0,2290.0,2250.0,1150.0,1100.0,510.0,200.0,310.0
SELEGIE,Rochor,210.0,110.0,100.0,130.0,70.0,60.0,0.0,0.0,0.0,60.0,30.0,30.0,20.0,10.0,10.0
SELETAR,Seletar,280.0,130.0,150.0,180.0,80.0,100.0,10.0,0.0,0.0,30.0,20.0,10.0,70.0,30.0,40.0
SELETAR AEROSPACE PARK,Seletar,,,,0.0,0.0,0.0,0.0,0.0,0.0,0.0,0.0,0.0,0.0,0.0,0.0
SELETAR HILLS,Serangoon,14710.0,7250.0,7460.0,13060.0,6430.0,6630.0,160.0,80.0,90.0,1030.0,530.0,500.0,460.0,210.0,240.0
SEMAKAU,Western Islands,,,,0.0,0.0,0.0,0.0,0.0,0.0,0.0,0.0,0.0,0.0,0.0,0.0
SEMBAWANG CENTRAL,Sembawang,34800.0,17060.0,17740.0,25130.0,12270.0,12860.0,5180.0,2550.0,2630.0,3180.0,1620.0,1560.0,1310.0,620.0,690.0
SEMBAWANG EAST,Sembawang,17340.0,8550.0,8790.0,10850.0,5430.0,5420.0,4610.0,2230.0,2380.0,1480.0,750.0,720.0,400.0,140.0,270.0
SEMBAWANG HILLS,Ang Mo Kio,6860.0,3210.0,3650.0,6100.0,2850.0,3250.0,70.0,40.0,40.0,460.0,210.0,250.0,220.0,110.0,110.0
SEMBAWANG NORTH,Sembawang,25540.0,12750.0,12790.0,17670.0,8760.0,8900.0,4220.0,2090.0,2120.0,2510.0,1360.0,1150.0,1150.0,530.0,610.0
SEMBAWANG SPRINGS,Sembawang,9090.0,4480.0,4610.0,7950.0,3930.0,4020.0,340.0,150.0,190.0,590.0,300.0,280.0,220.0,100.0,120.0
SEMBAWANG STRAITS,Sembawang,1910.0,980.0,930.0,1510.0,760.0,750.0,90.0,40.0,50.0,260.0,150.0,110.0,60.0,30.0,20.0
SENGKANG TOWN CENTRE,Sengkang,61790.0,30290.0,31500.0,48060.0,23540.0,24520.0,6420.0,3160.0,3250.0,5750.0,2930.0,2830.0,1560.0,660.0,900.0
SENGKANG WEST,Sengkang,,,,0.0,0.0,0.0,0.0,0.0,0.0,0.0,0.0,0.0,0.0,0.0,0.0
SENJA,Bukit Panjang,20180.0,9920.0,10260.0,14810.0,7330.0,7480.0,3360.0,1630.0,1730.0,1560.0,790.0,770.0,440.0,170.0,270.0
SENNETT,Toa Payoh,7200.0,3480.0,3720.0,6510.0,3130.0,3380.0,120.0,60.0,70.0,380.0,200.0,180.0,190.0,90.0,90.0
SENOKO NORTH,Sembawang,,,,0.0,0.0,0.0,0.0,0.0,0.0,0.0,0.0,0.0,0.0,0.0,0.0
SENOKO SOUTH,Sembawang,,,,0.0,0.0,0.0,0.0,0.0,0.0,0.0,0.0,0.0,0.0,0.0,0.0
SENOKO WEST,Woodlands,,,,0.0,0.0,0.0,0.0,0.0,0.0,0.0,0.0,0.0,0.0,0.0,0.0
SENTOSA,Southern Islands,1940.0,920.0,1020.0,1010.0,450.0,560.0,30.0,10.0,20.0,200.0,100.0,100.0,700.0,370.0,330.0
SERANGOON CENTRAL,Serangoon,24760.0,11800.0,12960.0,20750.0,9830.0,10920.0,1030.0,530.0,500.0,2420.0,1200.0,1220.0,560.0,240.0,320.0
SERANGOON GARDEN,Serangoon,36080.0,17220.0,18860.0,29920.0,14230.0,15690.0,1950.0,970.0,990.0,3180.0,1560.0,1620.0,1030.0,470.0,570.0
SERANGOON NORTH,Serangoon,15940.0,7840.0,8100.0,12580.0,6190.0,6380.0,1160.0,570.0,590.0,1910.0,960.0,950.0,300.0,120.0,180.0
SERANGOON NORTH IND ESTATE,Serangoon,,,,0.0,0.0,0.0,0.0,0.0,0.0,0.0,0.0,0.0,0.0,0.0,0.0
SHANGRI-LA,Ang Mo Kio,15960.0,7780.0,8180.0,12350.0,6020.0,6330.0,1760.0,850.0,900.0,1480.0,760.0,730.0,370.0,160.0,220.0
SHIPYARD,Boon Lay,,,,0.0,0.0,0.0,0.0,0.0,0.0,0.0,0.0,0.0,0.0,0.0,0.0
SIGLAP,Bedok,6440.0,2980.0,3460.0,4570.0,2070.0,2500.0,120.0,50.0,80.0,1380.0,670.0,700.0,370.0,190.0,180.0
SIMEI,Tampines,39450.0,19050.0,20400.0,28460.0,13610.0,14850.0,4530.0,2230.0,2310.0,4810.0,2450.0,2370.0,1640.0,770.0,880.0
SIMPANG NORTH,Simpang,,,,0.0,0.0,0.0,0.0,0.0,0.0,0.0,0.0,0.0,0.0,0.0,0.0
SIMPANG SOUTH,Simpang,,,,0.0,0.0,0.0,0.0,0.0,0.0,0.0,0.0,0.0,0.0,0.0,0.0
SINGAPORE GENERAL HOSPITAL,Bukit Merah,,,,0.0,0.0,0.0,0.0,0.0,0.0,0.0,0.0,0.0,0.0,0.0,0.0
SINGAPORE POLYTECHNIC,Queenstown,,,,0.0,0.0,0.0,0.0,0.0,0.0,0.0,0.0,0.0,0.0,0.0,0.0
SOMERSET,Orchard,140.0,60.0,80.0,120.0,50.0,70.0,0.0,0.0,0.0,10.0,0.0,0.0,10.0,10.0,10.0
SOUTHERN GROUP,Southern Islands,,,,0.0,0.0,0.0,0.0,0.0,0.0,0.0,0.0,0.0,0.0,0.0,0.0
SPRINGLEAF,Yishun,4370.0,2180.0,2190.0,4010.0,2000.0,2010.0,40.0,20.0,20.0,220.0,110.0,100.0,110.0,50.0,60.0
STRAITS VIEW,Straits View,,,,0.0,0.0,0.0,0.0,0.0,0.0,0.0,0.0,0.0,0.0,0.0,0.0
SUDONG,Western Islands,,,,0.0,0.0,0.0,0.0,0.0,0.0,0.0,0.0,0.0,0.0,0.0,0.0
SUNGEI ROAD,Rochor,2050.0,1020.0,1030.0,1370.0,690.0,690.0,380.0,190.0,190.0,270.0,140.0,130.0,30.0,10.0,20.0
SUNSET WAY,Clementi,5650.0,2640.0,3010.0,4740.0,2190.0,2550.0,180.0,80.0,90.0,360.0,180.0,180.0,380.0,190.0,190.0
SWISS CLUB,Bukit Timah,5350.0,2470.0,2880.0,4540.0,2060.0,2480.0,50.0,20.0,30.0,260.0,140.0,120.0,490.0,240.0,250.0
TAGORE,Ang Mo Kio,7950.0,3790.0,4160.0,7160.0,3400.0,3760.0,70.0,30.0,40.0,500.0,250.0,250.0,220.0,110.0,110.0
TAI SENG,Hougang,13830.0,6670.0,7160.0,11370.0,5440.0,5930.0,1130.0,560.0,570.0,1070.0,570.0,500.0,270.0,110.0,160.0
TAMAN JURONG,Jurong West,39920.0,19920.0,20000.0,28610.0,14350.0,14270.0,6500.0,3210.0,3290.0,3910.0,1980.0,1930.0,890.0,380.0,510.0
TAMPINES EAST,Tampines,130970.0,63960.0,67010.0,84190.0,40920.0,43280.0,32470.0,15960.0,16510.0,10320.0,5320.0,5000.0,3990.0,1770.0,2220.0
TAMPINES NORTH,Tampines,8040.0,3950.0,4090.0,5240.0,2570.0,2670.0,2200.0,1100.0,1100.0,400.0,200.0,190.0,210.0,80.0,130.0
TAMPINES WEST,Tampines,79660.0,39150.0,40510.0,54290.0,26470.0,27820.0,17290.0,8630.0,8660.0,6050.0,3120.0,2930.0,2030.0,940.0,1100.0
TANGLIN,Orchard,380.0,170.0,210.0,220.0,100.0,130.0,10.0,0.0,0.0,50.0,30.0,30.0,90.0,40.0,50.0
TANGLIN HALT,Queenstown,10590.0,4960.0,5630.0,8470.0,3920.0,4550.0,920.0,450.0,470.0,850.0,430.0,410.0,350.0,150.0,200.0
TANJONG IRAU,Simpang,,,,0.0,0.0,0.0,0.0,0.0,0.0,0.0,0.0,0.0,0.0,0.0,0.0
TANJONG PAGAR,Downtown Core,670.0,350.0,320.0,500.0,240.0,260.0,10.0,0.0,0.0,50.0,40.0,10.0,110.0,70.0,40.0
TANJONG RHU,Kallang,11110.0,5230.0,5880.0,6560.0,2970.0,3590.0,390.0,190.0,190.0,3520.0,1730.0,1800.0,640.0,340.0,300.0
TEBAN GARDENS,Jurong East,18530.0,9250.0,9280.0,11490.0,5730.0,5760.0,4590.0,2270.0,2320.0,2110.0,1110.0,1000.0,350.0,140.0,210.0
TECK WHYE,Choa Chu Kang,24330.0,12190.0,12140.0,15450.0,7760.0,7690.0,5830.0,2930.0,2910.0,2530.0,1290.0,1240.0,510.0,210.0,300.0
TELOK BLANGAH DRIVE,Bukit Merah,19310.0,9170.0,10140.0,15760.0,7430.0,8330.0,1340.0,680.0,660.0,1730.0,870.0,860.0,490.0,200.0,290.0
TELOK BLANGAH RISE,Bukit Merah,12160.0,5740.0,6420.0,9760.0,4570.0,5190.0,700.0,350.0,350.0,1400.0,690.0,710.0,300.0,130.0,170.0
TELOK BLANGAH WAY,Bukit Merah,9230.0,4610.0,4620.0,7100.0,3520.0,3580.0,1010.0,540.0,470.0,930.0,480.0,460.0,180.0,70.0,120.0
TENGAH INDUSTRIAL ESTATE,Tengah,,,,0.0,0.0,0.0,0.0,0.0,0.0,0.0,0.0,0.0,0.0,0.0,0.0
TENGEH,Tuas,,,,0.0,0.0,0.0,0.0,0.0,0.0,0.0,0.0,0.0,0.0,0.0,0.0
THE WHARVES,Sembawang,,,,0.0,0.0,0.0,0.0,0.0,0.0,0.0,0.0,0.0,0.0,0.0,0.0
TIONG BAHRU,Bukit Merah,12890.0,5990.0,6900.0,11400.0,5260.0,6150.0,250.0,110.0,140.0,780.0,390.0,380.0,460.0,230.0,240.0
TIONG BAHRU STATION,Bukit Merah,15120.0,7140.0,7980.0,12500.0,5830.0,6660.0,920.0,450.0,470.0,1170.0,600.0,580.0,530.0,260.0,280.0
TOA PAYOH CENTRAL,Toa Payoh,28030.0,12960.0,15070.0,23620.0,10840.0,12780.0,1740.0,880.0,860.0,1780.0,850.0,930.0,870.0,380.0,490.0
TOA PAYOH WEST,Toa Payoh,14350.0,6570.0,7780.0,12240.0,5540.0,6700.0,640.0,320.0,320.0,870.0,460.0,410.0,610.0,260.0,350.0
TOH GUAN,Jurong East,14590.0,7230.0,7360.0,11160.0,5510.0,5650.0,1560.0,770.0,790.0,1470.0,770.0,700.0,390.0,180.0,210.0
TOH TUCK,Clementi,,,,0.0,0.0,0.0,0.0,0.0,0.0,0.0,0.0,0.0,0.0,0.0,0.0
TOWNSVILLE,Ang Mo Kio,21140.0,9930.0,11210.0,17360.0,8150.0,9210.0,1440.0,710.0,730.0,1760.0,840.0,920.0,590.0,240.0,350.0
TRAFALGAR,Hougang,49190.0,24950.0,24240.0,37000.0,18710.0,18290.0,5720.0,2900.0,2820.0,4920.0,2640.0,2280.0,1560.0,700.0,860.0
TUAS BAY,Tuas,,,,0.0,0.0,0.0,0.0,0.0,0.0,0.0,0.0,0.0,0.0,0.0,0.0
TUAS NORTH,Tuas,,,,0.0,0.0,0.0,0.0,0.0,0.0,0.0,0.0,0.0,0.0,0.0,0.0
TUAS PROMENADE,Tuas,,,,0.0,0.0,0.0,0.0,0.0,0.0,0.0,0.0,0.0,0.0,0.0,0.0
TUAS VIEW,Tuas,,,,0.0,0.0,0.0,0.0,0.0,0.0,0.0,0.0,0.0,0.0,0.0,0.0
TUAS VIEW EXTENSION,Tuas,,,,0.0,0.0,0.0,0.0,0.0,0.0,0.0,0.0,0.0,0.0,0.0,0.0
TUKANG,Boon Lay,,,,0.0,0.0,0.0,0.0,0.0,0.0,0.0,0.0,0.0,0.0,0.0,0.0
TURF CLUB,Sungei Kadut,670.0,330.0,340.0,570.0,290.0,290.0,0.0,0.0,0.0,80.0,40.0,40.0,20.0,10.0,10.0
TYERSALL,Tanglin,3880.0,1810.0,2070.0,2960.0,1360.0,1600.0,60.0,20.0,30.0,320.0,150.0,170.0,550.0,280.0,270.0
ULU PANDAN,Bukit Timah,11020.0,5280.0,5740.0,9260.0,4390.0,4880.0,80.0,30.0,50.0,660.0,330.0,330.0,1020.0,530.0,490.0
UPPER PAYA LEBAR,Serangoon,16920.0,8160.0,8760.0,14820.0,7130.0,7690.0,510.0,250.0,260.0,1250.0,620.0,630.0,340.0,160.0,170.0
UPPER THOMSON,Bishan,29390.0,14160.0,15230.0,25500.0,12230.0,13280.0,910.0,450.0,450.0,2010.0,1000.0,1010.0,970.0,480.0,490.0
VICTORIA,Rochor,1760.0,840.0,920.0,1510.0,710.0,800.0,30.0,10.0,20.0,180.0,100.0,80.0,50.0,30.0,20.0
WATERWAY EAST,Punggol,50580.0,25050.0,25530.0,37530.0,18640.0,18900.0,8530.0,4250.0,4280.0,3390.0,1770.0,1630.0,1120.0,400.0,720.0
WENYA,Jurong West,8280.0,4170.0,4110.0,5360.0,2700.0,2670.0,1520.0,770.0,750.0,1150.0,590.0,560.0,250.0,110.0,140.0
WEST COAST,Clementi,6870.0,3370.0,3500.0,6190.0,3020.0,3170.0,70.0,30.0,40.0,340.0,180.0,160.0,270.0,140.0,140.0
WOODGROVE,Woodlands,33790.0,16870.0,16920.0,21440.0,10590.0,10840.0,7870.0,3980.0,3890.0,3660.0,1920.0,1740.0,830.0,380.0,450.0
WOODLANDS EAST,Woodlands,98990.0,49490.0,49500.0,60510.0,30190.0,30320.0,24560.0,12260.0,12290.0,11420.0,5880.0,5530.0,2500.0,1150.0,1350.0
WOODLANDS REGIONAL CENTRE,Woodlands,,,,0.0,0.0,0.0,0.0,0.0,0.0,0.0,0.0,0.0,0.0,0.0,0.0
WOODLANDS SOUTH,Woodlands,41010.0,20540.0,20470.0,25940.0,12900.0,13040.0,9850.0,4990.0,4870.0,4130.0,2130.0,2000.0,1080.0,520.0,560.0
WOODLANDS WEST,Woodlands,33910.0,17260.0,16650.0,19730.0,10120.0,9600.0,9840.0,5010.0,4830.0,3660.0,1860.0,1800.0,680.0,270.0,420.0
WOODLEIGH,Toa Payoh,2460.0,1200.0,1260.0,2190.0,1060.0,1120.0,10.0,10.0,10.0,140.0,70.0,70.0,110.0,50.0,60.0
XILIN,Tampines,1770.0,890.0,880.0,1470.0,730.0,750.0,70.0,40.0,40.0,120.0,70.0,50.0,90.0,50.0,40.0
YEW TEE,Choa Chu Kang,40380.0,20100.0,20280.0,29390.0,14550.0,14840.0,6080.0,3050.0,3030.0,3540.0,1830.0,1710.0,1380.0,680.0,700.0
YIO CHU KANG,Ang Mo Kio,,,,0.0,0.0,0.0,0.0,0.0,0.0,0.0,0.0,0.0,0.0,0.0,0.0
YIO CHU KANG EAST,Ang Mo Kio,4210.0,2090.0,2120.0,3740.0,1850.0,1890.0,60.0,30.0,30.0,280.0,140.0,140.0,120.0,70.0,50.0
YIO CHU KANG NORTH,Ang Mo Kio,,,,0.0,0.0,0.0,0.0,0.0,0.0,0.0,0.0,0.0,0.0,0.0,0.0
YIO CHU KANG WEST,Ang Mo Kio,24150.0,11520.0,12630.0,19690.0,9350.0,10340.0,2020.0,1000.0,1020.0,1860.0,910.0,950.0,590.0,270.0,320.0
YISHUN CENTRAL,Yishun,2630.0,1290.0,1340.0,2300.0,1130.0,1170.0,140.0,70.0,80.0,140.0,70.0,70.0,50.0,20.0,30.0
YISHUN EAST,Yishun,60670.0,30030.0,30640.0,40290.0,19960.0,20330.0,12670.0,6260.0,6410.0,6110.0,3160.0,2940.0,1600.0,650.0,950.0
YISHUN SOUTH,Yishun,42250.0,20670.0,21580.0,30680.0,15000.0,15680.0,6230.0,3100.0,3130.0,4230.0,2130.0,2090.0,1110.0,440.0,670.0
YISHUN WEST,Yishun,53910.0,26720.0,27190.0,36930.0,18190.0,18730.0,9800.0,4950.0,4850.0,5720.0,2940.0,2780.0,1460.0,640.0,830.0
YUHUA EAST,Jurong East,24770.0,12120.0,12650.0,17960.0,8710.0,9250.0,3570.0,1810.0,1760.0,2700.0,1370.0,1330.0,550.0,240.0,310.0
YUHUA WEST,Jurong East,19160.0,9530.0,9630.0,13480.0,6670.0,6820.0,2940.0,1490.0,1460.0,2220.0,1150.0,1060.0,510.0,230.0,290.0
YUNNAN,Jurong West,67500.0,34250.0,33250.0,44790.0,22630.0,22160.0,13970.0,7040.0,6930.0,7600.0,4080.0,3520.0,1150.0,500.0,640.0
